Grid Size,Reaction Time (seconds)
5,1.128709077835083
10,0.8794069290161133
7,0.7792551517486572
0.882910966873169,1,5
0.8123311996459961,1,7
2.4634649753570557,1,5
