Grid Size,Reaction Time (seconds)
9,2.1153829097747803
3,0.7133748531341553
9,1.3296928405761719
